{
    "credit": "Made with Blockbench by DERPWARE",
    "ambientocclusion": false,
    "textures": {
        "1": "block/birch_leaves",
        "particle": "block/birch_leaves"
    },
    "elements": [
        {   "from": [ 0, 0, 0 ],
            "to": [ 16, 16, 16 ],
            "faces": {
                "down":  { "uv": [ 0, 0, 16, 16 ], "texture": "#1", "cullface": "down" },
                "up":    { "uv": [ 0, 0, 16, 16 ], "texture": "#1", "cullface": "up" },
                "north": { "uv": [ 0, 0, 16, 16 ], "texture": "#1", "cullface": "north" },
                "south": { "uv": [ 0, 0, 16, 16 ], "texture": "#1", "cullface": "south" },
                "west":  { "uv": [ 0, 0, 16, 16 ], "texture": "#1", "cullface": "west" },
                "east":  { "uv": [ 0, 0, 16, 16 ], "texture": "#1", "cullface": "east" }
            }
        }
    ]
}